INSERT INTO CLIENTES (IDCLIENTE, CPF, CNH,  VALIDADECNH ,  NOME, DATACADASTRO, DATANASCIMENTO,  TELEFONE, STATUS) VALUES (1,'16528447080','44971318961',STR_TO_DATE('30/09/2021', '%d/%m/%Y'),'Alvito Espargosa',STR_TO_DATE('25/01/2019', '%d/%m/%Y'),STR_TO_DATE('15/03/1973', '%d/%m/%Y'),'51390834589','Ativo');
INSERT INTO CLIENTES (IDCLIENTE, CPF, CNH,  VALIDADECNH ,  NOME, DATACADASTRO, DATANASCIMENTO,  TELEFONE, STATUS) VALUES (2,'83327244065','44976832700',STR_TO_DATE('24/02/2028', '%d/%m/%Y'),'Blasco Canto',STR_TO_DATE('15/01/2019', '%d/%m/%Y'),STR_TO_DATE('31/10/1969', '%d/%m/%Y'),'51922375520','Ativo');
INSERT INTO CLIENTES (IDCLIENTE, CPF, CNH,  VALIDADECNH ,  NOME, DATACADASTRO, DATANASCIMENTO,  TELEFONE, STATUS) VALUES (3,'54513828080','27672609233',STR_TO_DATE('11/12/2024', '%d/%m/%Y'),'Carminda Veríssimo',STR_TO_DATE('09/04/2019', '%d/%m/%Y'),STR_TO_DATE('03/11/1967', '%d/%m/%Y'),'51738662107','Ativo');
INSERT INTO CLIENTES (IDCLIENTE, CPF, CNH,  VALIDADECNH ,  NOME, DATACADASTRO, DATANASCIMENTO,  TELEFONE, STATUS) VALUES (4,'54075418316','75523770439',STR_TO_DATE('02/08/2025', '%d/%m/%Y'),'Cleusa Lamego',STR_TO_DATE('26/05/2019', '%d/%m/%Y'),STR_TO_DATE('26/10/1961', '%d/%m/%Y'),'51824283267','Ativo');
INSERT INTO CLIENTES (IDCLIENTE, CPF, CNH,  VALIDADECNH ,  NOME, DATACADASTRO, DATANASCIMENTO,  TELEFONE, STATUS) VALUES (5,'41148381120','55079718160',STR_TO_DATE('21/08/2020', '%d/%m/%Y'),'Clóvis Carrasco',STR_TO_DATE('28/01/2019', '%d/%m/%Y'),STR_TO_DATE('02/11/1974', '%d/%m/%Y'),'51056509510','Ativo');
INSERT INTO CLIENTES (IDCLIENTE, CPF, CNH,  VALIDADECNH ,  NOME, DATACADASTRO, DATANASCIMENTO,  TELEFONE, STATUS) VALUES (6,'85588747194','30471250272',STR_TO_DATE('05/06/2020', '%d/%m/%Y'),'Cátia Fróis',STR_TO_DATE('23/05/2019', '%d/%m/%Y'),STR_TO_DATE('08/07/1965', '%d/%m/%Y'),'51901121962','Ativo');
INSERT INTO CLIENTES (IDCLIENTE, CPF, CNH,  VALIDADECNH ,  NOME, DATACADASTRO, DATANASCIMENTO,  TELEFONE, STATUS) VALUES (7,'10003401804','45948223160',STR_TO_DATE('27/05/2027', '%d/%m/%Y'),'Emílio Faro',STR_TO_DATE('17/04/2019', '%d/%m/%Y'),STR_TO_DATE('23/09/1966', '%d/%m/%Y'),'51608924744','Ativo');
INSERT INTO CLIENTES (IDCLIENTE, CPF, CNH,  VALIDADECNH ,  NOME, DATACADASTRO, DATANASCIMENTO,  TELEFONE, STATUS) VALUES (8,'41555470319','15942100562',STR_TO_DATE('16/05/2026', '%d/%m/%Y'),'Hipólito Granja',STR_TO_DATE('13/05/2019', '%d/%m/%Y'),STR_TO_DATE('21/09/1974', '%d/%m/%Y'),'51020081027','Ativo');
INSERT INTO CLIENTES (IDCLIENTE, CPF, CNH,  VALIDADECNH ,  NOME, DATACADASTRO, DATANASCIMENTO,  TELEFONE, STATUS) VALUES (9,'86405032817','43316295637',STR_TO_DATE('25/11/2027', '%d/%m/%Y'),'Iara Cardoso',STR_TO_DATE('04/04/2019', '%d/%m/%Y'),STR_TO_DATE('18/06/1981', '%d/%m/%Y'),'51815002282','Ativo');
INSERT INTO CLIENTES (IDCLIENTE, CPF, CNH,  VALIDADECNH ,  NOME, DATACADASTRO, DATANASCIMENTO,  TELEFONE, STATUS) VALUES (10,'15516586747','76742255766',STR_TO_DATE('25/12/2021', '%d/%m/%Y'),'Isaura Farias',STR_TO_DATE('04/05/2019', '%d/%m/%Y'),STR_TO_DATE('22/04/1971', '%d/%m/%Y'),'51081565935','Ativo');
INSERT INTO CLIENTES (IDCLIENTE, CPF, CNH,  VALIDADECNH ,  NOME, DATACADASTRO, DATANASCIMENTO,  TELEFONE, STATUS) VALUES (11,'44818765309','63408388553',STR_TO_DATE('03/05/2027', '%d/%m/%Y'),'Iuri Alancastre',STR_TO_DATE('18/02/2019', '%d/%m/%Y'),STR_TO_DATE('15/07/1970', '%d/%m/%Y'),'51505707400','Ativo');
INSERT INTO CLIENTES (IDCLIENTE, CPF, CNH,  VALIDADECNH ,  NOME, DATACADASTRO, DATANASCIMENTO,  TELEFONE, STATUS) VALUES (12,'11257675109','41824436778',STR_TO_DATE('22/05/2020', '%d/%m/%Y'),'Laura Marcondes',STR_TO_DATE('30/06/2019', '%d/%m/%Y'),STR_TO_DATE('29/08/1985', '%d/%m/%Y'),'51532760959','Ativo');
INSERT INTO CLIENTES (IDCLIENTE, CPF, CNH,  VALIDADECNH ,  NOME, DATACADASTRO, DATANASCIMENTO,  TELEFONE, STATUS) VALUES (13,'88357618405','49548848905',STR_TO_DATE('25/03/2021', '%d/%m/%Y'),'Micael Mangueira',STR_TO_DATE('24/05/2019', '%d/%m/%Y'),STR_TO_DATE('08/01/1994', '%d/%m/%Y'),'51050644140','Ativo');
INSERT INTO CLIENTES (IDCLIENTE, CPF, CNH,  VALIDADECNH ,  NOME, DATACADASTRO, DATANASCIMENTO,  TELEFONE, STATUS) VALUES (14,'58831402110','84776516129',STR_TO_DATE('08/03/2026', '%d/%m/%Y'),'Márcio Taveira',STR_TO_DATE('13/02/2019', '%d/%m/%Y'),STR_TO_DATE('07/06/1963', '%d/%m/%Y'),'51545396437','Ativo');
INSERT INTO CLIENTES (IDCLIENTE, CPF, CNH,  VALIDADECNH ,  NOME, DATACADASTRO, DATANASCIMENTO,  TELEFONE, STATUS) VALUES (15,'86405301141','89650561775',STR_TO_DATE('06/05/2027', '%d/%m/%Y'),'Noêmia   Tupinambá',STR_TO_DATE('28/06/2019', '%d/%m/%Y'),STR_TO_DATE('12/03/1987', '%d/%m/%Y'),'51073079084','Ativo');
INSERT INTO CLIENTES (IDCLIENTE, CPF, CNH,  VALIDADECNH ,  NOME, DATACADASTRO, DATANASCIMENTO,  TELEFONE, STATUS) VALUES (16,'70686300220','95360639928',STR_TO_DATE('19/07/2028', '%d/%m/%Y'),'Paula Padilha',STR_TO_DATE('09/04/2019', '%d/%m/%Y'),STR_TO_DATE('16/05/1996', '%d/%m/%Y'),'51468982948','Ativo');
INSERT INTO CLIENTES (IDCLIENTE, CPF, CNH,  VALIDADECNH ,  NOME, DATACADASTRO, DATANASCIMENTO,  TELEFONE, STATUS) VALUES (17,'70805566600','61460867546',STR_TO_DATE('31/05/2022', '%d/%m/%Y'),'Rebeca Torcuato',STR_TO_DATE('09/02/2019', '%d/%m/%Y'),STR_TO_DATE('06/12/1994', '%d/%m/%Y'),'51398031738','Ativo');
INSERT INTO CLIENTES (IDCLIENTE, CPF, CNH,  VALIDADECNH ,  NOME, DATACADASTRO, DATANASCIMENTO,  TELEFONE, STATUS) VALUES (18,'84611132765','85761272593',STR_TO_DATE('24/03/2023', '%d/%m/%Y'),'Rosana Betancour',STR_TO_DATE('10/05/2019', '%d/%m/%Y'),STR_TO_DATE('08/06/1976', '%d/%m/%Y'),'51298196500','Ativo');
INSERT INTO CLIENTES (IDCLIENTE, CPF, CNH,  VALIDADECNH ,  NOME, DATACADASTRO, DATANASCIMENTO,  TELEFONE, STATUS) VALUES (19,'72887644190','40239379806',STR_TO_DATE('06/09/2022', '%d/%m/%Y'),'Sabino Abrantes',STR_TO_DATE('27/05/2019', '%d/%m/%Y'),STR_TO_DATE('16/02/1982', '%d/%m/%Y'),'51805190959','Ativo');
INSERT INTO CLIENTES (IDCLIENTE, CPF, CNH,  VALIDADECNH ,  NOME, DATACADASTRO, DATANASCIMENTO,  TELEFONE, STATUS) VALUES (20,'73201278572','56448355307',STR_TO_DATE('02/02/2025', '%d/%m/%Y'),'Severino Leiria',STR_TO_DATE('15/02/2019', '%d/%m/%Y'),STR_TO_DATE('06/08/1965', '%d/%m/%Y'),'51837010991','Ativo');
INSERT INTO CLIENTES (IDCLIENTE, CPF, CNH,  VALIDADECNH ,  NOME, DATACADASTRO, DATANASCIMENTO,  TELEFONE, STATUS) VALUES (21,'35215454663','33281183954',STR_TO_DATE('26/07/2027', '%d/%m/%Y'),'Tobias Garcés',STR_TO_DATE('15/06/2019', '%d/%m/%Y'),STR_TO_DATE('20/08/1962', '%d/%m/%Y'),'51038698605','Ativo');
INSERT INTO CLIENTES (IDCLIENTE, CPF, CNH,  VALIDADECNH ,  NOME, DATACADASTRO, DATANASCIMENTO,  TELEFONE, STATUS) VALUES (22,'77853823525','55351556215',STR_TO_DATE('14/08/2028', '%d/%m/%Y'),'Vanderlei Açores',STR_TO_DATE('18/01/2019', '%d/%m/%Y'),STR_TO_DATE('06/05/1998', '%d/%m/%Y'),'51069055089','Inativo');
INSERT INTO CLIENTES (IDCLIENTE, CPF, CNH,  VALIDADECNH ,  NOME, DATACADASTRO, DATANASCIMENTO,  TELEFONE, STATUS) VALUES (23,'05013312205','32675365584',STR_TO_DATE('15/12/2021', '%d/%m/%Y'),'Vicente Rosa',STR_TO_DATE('14/05/2019', '%d/%m/%Y'),STR_TO_DATE('09/11/1983', '%d/%m/%Y'),'51782871990','Ativo');
INSERT INTO CLIENTES (IDCLIENTE, CPF, CNH,  VALIDADECNH ,  NOME, DATACADASTRO, DATANASCIMENTO,  TELEFONE, STATUS) VALUES (24,'57460105538','54721641167',STR_TO_DATE('03/02/2028', '%d/%m/%Y'),'Xisto Mendoça',STR_TO_DATE('06/06/2019', '%d/%m/%Y'),STR_TO_DATE('27/07/1969', '%d/%m/%Y'),'51862632282','Ativo');
INSERT INTO CLIENTES (IDCLIENTE, CPF, CNH,  VALIDADECNH ,  NOME, DATACADASTRO, DATANASCIMENTO,  TELEFONE, STATUS) VALUES (25,'02251571280','83497776322',STR_TO_DATE('08/02/2025', '%d/%m/%Y'),'Zeferino Matoso',STR_TO_DATE('01/05/2019', '%d/%m/%Y'),STR_TO_DATE('23/03/1973', '%d/%m/%Y'),'51230738729','Ativo');
INSERT INTO DESPACHANTES (IDDESPACHANTE, NOME, STATUS, FILIAL) VALUES (1,'Carminda Pestana','Ativo','Santa Maria');
INSERT INTO DESPACHANTES (IDDESPACHANTE, NOME, STATUS, FILIAL) VALUES (2,'Deolinda Vilela','Ativo','Novo Hamburgo');
INSERT INTO DESPACHANTES (IDDESPACHANTE, NOME, STATUS, FILIAL) VALUES (3,'Emídio Dornelles','Ativo','Porto Alegre');
INSERT INTO DESPACHANTES (IDDESPACHANTE, NOME, STATUS, FILIAL) VALUES (4,'Felisbela Dornelles','Ativo','Porto Alegre');
INSERT INTO DESPACHANTES (IDDESPACHANTE, NOME, STATUS, FILIAL) VALUES (5,'Graça Ornellas','Ativo','Porto Alegre');
INSERT INTO DESPACHANTES (IDDESPACHANTE, NOME, STATUS, FILIAL) VALUES (6,'Matilde Rebouças','Ativo','Porto Alegre');
INSERT INTO DESPACHANTES (IDDESPACHANTE, NOME, STATUS, FILIAL) VALUES (7,'Noêmia   Orriça','Ativo','Santa Maria');
INSERT INTO DESPACHANTES (IDDESPACHANTE, NOME, STATUS, FILIAL) VALUES (8,'Roque Vásquez','Ativo','Porto Alegre');
INSERT INTO DESPACHANTES (IDDESPACHANTE, NOME, STATUS, FILIAL) VALUES (9,'Uriel Queiroz','Ativo','Porto Alegre');
INSERT INTO DESPACHANTES (IDDESPACHANTE, NOME, STATUS, FILIAL) VALUES (10,'Viviana Sequeira','Ativo','Porto Alegre');
INSERT INTO VEICULOS (IDVEICULO, DATAAQUISICAO, ANO, MODELO, PLACA, STATUS, DIARIA) VALUES (1,STR_TO_DATE('25/01/2019', '%d/%m/%Y'),2019,'Tesla Model S P90D','LWJ2929','Disponível',1800);
INSERT INTO VEICULOS (IDVEICULO, DATAAQUISICAO, ANO, MODELO, PLACA, STATUS, DIARIA) VALUES (2,STR_TO_DATE('04/01/2019', '%d/%m/%Y'),2019,'Volvo XC90 T8 Hybrid','LWJ2930','Disponível',1600);
INSERT INTO VEICULOS (IDVEICULO, DATAAQUISICAO, ANO, MODELO, PLACA, STATUS, DIARIA) VALUES (3,STR_TO_DATE('10/01/2019', '%d/%m/%Y'),2019,'BMW 750i xDrive','LWJ2931','Disponível',1450);
INSERT INTO VEICULOS (IDVEICULO, DATAAQUISICAO, ANO, MODELO, PLACA, STATUS, DIARIA) VALUES (4,STR_TO_DATE('28/01/2019', '%d/%m/%Y'),2019,'Mercedes-Benz S65 AMG Coupe','LWJ2932','Disponível',1950);
INSERT INTO VEICULOS (IDVEICULO, DATAAQUISICAO, ANO, MODELO, PLACA, STATUS, DIARIA) VALUES (5,STR_TO_DATE('12/01/2019', '%d/%m/%Y'),2019,'Infiniti Q50S 3.7 Sedan','LWJ2933','Disponível',2100);
INSERT INTO VEICULOS (IDVEICULO, DATAAQUISICAO, ANO, MODELO, PLACA, STATUS, DIARIA) VALUES (6,STR_TO_DATE('30/01/2019', '%d/%m/%Y'),2019,'Volvo XC90 T8 Hybrid','LWJ2934','Disponível',1600);
INSERT INTO VEICULOS (IDVEICULO, DATAAQUISICAO, ANO, MODELO, PLACA, STATUS, DIARIA) VALUES (7,STR_TO_DATE('06/01/2019', '%d/%m/%Y'),2019,'BMW 750i xDrive','LWJ2935','Disponível',1450);
INSERT INTO VEICULOS (IDVEICULO, DATAAQUISICAO, ANO, MODELO, PLACA, STATUS, DIARIA) VALUES (8,STR_TO_DATE('24/01/2019', '%d/%m/%Y'),2019,'Infiniti Q50S 3.7 Sedan','LWJ2936','Disponível',2100);
INSERT INTO VEICULOS (IDVEICULO, DATAAQUISICAO, ANO, MODELO, PLACA, STATUS, DIARIA) VALUES (9,STR_TO_DATE('27/01/2019', '%d/%m/%Y'),2019,'BMW 750i xDrive','LWJ2937','Disponível',1450);
INSERT INTO VEICULOS (IDVEICULO, DATAAQUISICAO, ANO, MODELO, PLACA, STATUS, DIARIA) VALUES (10,STR_TO_DATE('19/01/2019', '%d/%m/%Y'),2019,'Tesla Model S P90D','LWJ2938','Disponível',1800);
INSERT INTO VEICULOS (IDVEICULO, DATAAQUISICAO, ANO, MODELO, PLACA, STATUS, DIARIA) VALUES (11,STR_TO_DATE('27/01/2019', '%d/%m/%Y'),2019,'Infiniti Q50S 3.7 Sedan','LWJ2939','Disponível',2100);
INSERT INTO VEICULOS (IDVEICULO, DATAAQUISICAO, ANO, MODELO, PLACA, STATUS, DIARIA) VALUES (12,STR_TO_DATE('27/01/2019', '%d/%m/%Y'),2019,'BMW 750i xDrive','LWJ2940','Disponível',1450);
INSERT INTO VEICULOS (IDVEICULO, DATAAQUISICAO, ANO, MODELO, PLACA, STATUS, DIARIA) VALUES (13,STR_TO_DATE('21/01/2019', '%d/%m/%Y'),2019,'Mercedes-Benz S65 AMG Coupe','LWJ2941','Disponível',1950);
INSERT INTO VEICULOS (IDVEICULO, DATAAQUISICAO, ANO, MODELO, PLACA, STATUS, DIARIA) VALUES (14,STR_TO_DATE('10/01/2019', '%d/%m/%Y'),2019,'Infiniti Q50S 3.7 Sedan','LWJ2942','Disponível',2100);
INSERT INTO VEICULOS (IDVEICULO, DATAAQUISICAO, ANO, MODELO, PLACA, STATUS, DIARIA) VALUES (15,STR_TO_DATE('07/01/2019', '%d/%m/%Y'),2019,'Volvo XC90 T8 Hybrid','LWJ2943','Disponível',1600);
INSERT INTO VEICULOS (IDVEICULO, DATAAQUISICAO, ANO, MODELO, PLACA, STATUS, DIARIA) VALUES (16,STR_TO_DATE('25/01/2019', '%d/%m/%Y'),2019,'Volvo XC90 T8 Hybrid','LWJ2944','Disponível',1600);
INSERT INTO VEICULOS (IDVEICULO, DATAAQUISICAO, ANO, MODELO, PLACA, STATUS, DIARIA) VALUES (17,STR_TO_DATE('22/01/2019', '%d/%m/%Y'),2019,'Volvo XC90 T8 Hybrid','LWJ2945','Disponível',1600);
INSERT INTO VEICULOS (IDVEICULO, DATAAQUISICAO, ANO, MODELO, PLACA, STATUS, DIARIA) VALUES (18,STR_TO_DATE('24/01/2019', '%d/%m/%Y'),2019,'BMW 750i xDrive','LWJ2946','Disponível',1450);
INSERT INTO VEICULOS (IDVEICULO, DATAAQUISICAO, ANO, MODELO, PLACA, STATUS, DIARIA) VALUES (19,STR_TO_DATE('16/01/2019', '%d/%m/%Y'),2019,'Mercedes-Benz S65 AMG Coupe','LWJ2947','Disponível',1950);
INSERT INTO VEICULOS (IDVEICULO, DATAAQUISICAO, ANO, MODELO, PLACA, STATUS, DIARIA) VALUES (20,STR_TO_DATE('30/01/2019', '%d/%m/%Y'),2019,'Volvo XC90 T8 Hybrid','LWJ2948','Disponível',1600);
INSERT INTO VEICULOS (IDVEICULO, DATAAQUISICAO, ANO, MODELO, PLACA, STATUS, DIARIA) VALUES (21,STR_TO_DATE('04/01/2019', '%d/%m/%Y'),2019,'Tesla Model S P90D','LWJ2949','Disponível',1800);
INSERT INTO VEICULOS (IDVEICULO, DATAAQUISICAO, ANO, MODELO, PLACA, STATUS, DIARIA) VALUES (22,STR_TO_DATE('23/01/2019', '%d/%m/%Y'),2019,'Infiniti Q50S 3.7 Sedan','LWJ2950','Disponível',2100);
INSERT INTO VEICULOS (IDVEICULO, DATAAQUISICAO, ANO, MODELO, PLACA, STATUS, DIARIA) VALUES (23,STR_TO_DATE('13/01/2019', '%d/%m/%Y'),2019,'BMW 750i xDrive','LWJ2951','Disponível',1450);
INSERT INTO VEICULOS (IDVEICULO, DATAAQUISICAO, ANO, MODELO, PLACA, STATUS, DIARIA) VALUES (24,STR_TO_DATE('05/01/2019', '%d/%m/%Y'),2019,'Volvo XC90 T8 Hybrid','LWJ2952','Disponível',1600);
INSERT INTO VEICULOS (IDVEICULO, DATAAQUISICAO, ANO, MODELO, PLACA, STATUS, DIARIA) VALUES (25,STR_TO_DATE('06/01/2019', '%d/%m/%Y'),2019,'Mercedes-Benz S65 AMG Coupe','LWJ2953','Indisponivel',1950);
INSERT INTO VEICULOS (IDVEICULO, DATAAQUISICAO, ANO, MODELO, PLACA, STATUS, DIARIA) VALUES (26,STR_TO_DATE('05/01/2019', '%d/%m/%Y'),2019,'BMW 750i xDrive','LWJ2954','Disponível',1450);
INSERT INTO VEICULOS (IDVEICULO, DATAAQUISICAO, ANO, MODELO, PLACA, STATUS, DIARIA) VALUES (27,STR_TO_DATE('30/01/2019', '%d/%m/%Y'),2019,'Tesla Model S P90D','LWJ2955','Disponível',1800);
INSERT INTO VEICULOS (IDVEICULO, DATAAQUISICAO, ANO, MODELO, PLACA, STATUS, DIARIA) VALUES (28,STR_TO_DATE('28/01/2019', '%d/%m/%Y'),2019,'BMW 750i xDrive','LWJ2956','Disponível',1450);
INSERT INTO VEICULOS (IDVEICULO, DATAAQUISICAO, ANO, MODELO, PLACA, STATUS, DIARIA) VALUES (29,STR_TO_DATE('15/01/2019', '%d/%m/%Y'),2019,'Infiniti Q50S 3.7 Sedan','LWJ2957','Disponível',2100);
INSERT INTO VEICULOS (IDVEICULO, DATAAQUISICAO, ANO, MODELO, PLACA, STATUS, DIARIA) VALUES (30,STR_TO_DATE('12/01/2019', '%d/%m/%Y'),2019,'BMW 750i xDrive','LWJ2958','Disponível',1450);
INSERT INTO LOCACAO (IDLOCACAO, IDCLIENTE, IDDESPACHANTE, IDVEICULO, DATALOCACAO, DATAENTREGA, TOTAL) VALUES (1,3,5,22,STR_TO_DATE('20/02/2019', '%d/%m/%Y'),STR_TO_DATE('20/02/2019', '%d/%m/%Y'),1996);
INSERT INTO LOCACAO (IDLOCACAO, IDCLIENTE, IDDESPACHANTE, IDVEICULO, DATALOCACAO, DATAENTREGA, TOTAL) VALUES (2,5,5,7,STR_TO_DATE('30/06/2019', '%d/%m/%Y'),STR_TO_DATE('03/07/2019', '%d/%m/%Y'),1843);
INSERT INTO LOCACAO (IDLOCACAO, IDCLIENTE, IDDESPACHANTE, IDVEICULO, DATALOCACAO, DATAENTREGA, TOTAL) VALUES (3,17,5,3,STR_TO_DATE('09/03/2019', '%d/%m/%Y'),STR_TO_DATE('11/03/2019', '%d/%m/%Y'),2016);
INSERT INTO LOCACAO (IDLOCACAO, IDCLIENTE, IDDESPACHANTE, IDVEICULO, DATALOCACAO, DATAENTREGA, TOTAL) VALUES (4,24,3,6,STR_TO_DATE('19/04/2019', '%d/%m/%Y'),STR_TO_DATE('22/04/2019', '%d/%m/%Y'),1857);
INSERT INTO LOCACAO (IDLOCACAO, IDCLIENTE, IDDESPACHANTE, IDVEICULO, DATALOCACAO, DATAENTREGA, TOTAL) VALUES (5,8,10,3,STR_TO_DATE('24/02/2019', '%d/%m/%Y'),STR_TO_DATE('26/02/2019', '%d/%m/%Y'),2049);
INSERT INTO LOCACAO (IDLOCACAO, IDCLIENTE, IDDESPACHANTE, IDVEICULO, DATALOCACAO, DATAENTREGA, TOTAL) VALUES (6,14,5,23,STR_TO_DATE('15/05/2019', '%d/%m/%Y'),STR_TO_DATE('19/05/2019', '%d/%m/%Y'),1986);
INSERT INTO LOCACAO (IDLOCACAO, IDCLIENTE, IDDESPACHANTE, IDVEICULO, DATALOCACAO, DATAENTREGA, TOTAL) VALUES (7,13,2,6,STR_TO_DATE('01/05/2019', '%d/%m/%Y'),STR_TO_DATE('04/05/2019', '%d/%m/%Y'),1989);
INSERT INTO LOCACAO (IDLOCACAO, IDCLIENTE, IDDESPACHANTE, IDVEICULO, DATALOCACAO, DATAENTREGA, TOTAL) VALUES (8,22,5,29,STR_TO_DATE('29/03/2019', '%d/%m/%Y'),STR_TO_DATE('03/04/2019', '%d/%m/%Y'),1874);
INSERT INTO LOCACAO (IDLOCACAO, IDCLIENTE, IDDESPACHANTE, IDVEICULO, DATALOCACAO, DATAENTREGA, TOTAL) VALUES (9,17,7,13,STR_TO_DATE('10/05/2019', '%d/%m/%Y'),STR_TO_DATE('13/05/2019', '%d/%m/%Y'),2027);
INSERT INTO LOCACAO (IDLOCACAO, IDCLIENTE, IDDESPACHANTE, IDVEICULO, DATALOCACAO, DATAENTREGA, TOTAL) VALUES (10,1,2,21,STR_TO_DATE('17/03/2019', '%d/%m/%Y'),STR_TO_DATE('19/03/2019', '%d/%m/%Y'),2010);
INSERT INTO LOCACAO (IDLOCACAO, IDCLIENTE, IDDESPACHANTE, IDVEICULO, DATALOCACAO, DATAENTREGA, TOTAL) VALUES (11,11,5,19,STR_TO_DATE('12/05/2019', '%d/%m/%Y'),STR_TO_DATE('17/05/2019', '%d/%m/%Y'),2006);
INSERT INTO LOCACAO (IDLOCACAO, IDCLIENTE, IDDESPACHANTE, IDVEICULO, DATALOCACAO, DATAENTREGA, TOTAL) VALUES (12,19,10,2,STR_TO_DATE('26/02/2019', '%d/%m/%Y'),STR_TO_DATE('26/02/2019', '%d/%m/%Y'),1915);
INSERT INTO LOCACAO (IDLOCACAO, IDCLIENTE, IDDESPACHANTE, IDVEICULO, DATALOCACAO, DATAENTREGA, TOTAL) VALUES (13,20,6,9,STR_TO_DATE('12/06/2019', '%d/%m/%Y'),STR_TO_DATE('17/06/2019', '%d/%m/%Y'),2089);
INSERT INTO LOCACAO (IDLOCACAO, IDCLIENTE, IDDESPACHANTE, IDVEICULO, DATALOCACAO, DATAENTREGA, TOTAL) VALUES (14,24,5,3,STR_TO_DATE('04/06/2019', '%d/%m/%Y'),STR_TO_DATE('06/06/2019', '%d/%m/%Y'),1942);
INSERT INTO LOCACAO (IDLOCACAO, IDCLIENTE, IDDESPACHANTE, IDVEICULO, DATALOCACAO, DATAENTREGA, TOTAL) VALUES (15,10,10,1,STR_TO_DATE('22/02/2019', '%d/%m/%Y'),STR_TO_DATE('23/02/2019', '%d/%m/%Y'),2071);
INSERT INTO LOCACAO (IDLOCACAO, IDCLIENTE, IDDESPACHANTE, IDVEICULO, DATALOCACAO, DATAENTREGA, TOTAL) VALUES (16,17,4,13,STR_TO_DATE('29/05/2019', '%d/%m/%Y'),STR_TO_DATE('29/05/2019', '%d/%m/%Y'),2035);
INSERT INTO LOCACAO (IDLOCACAO, IDCLIENTE, IDDESPACHANTE, IDVEICULO, DATALOCACAO, DATAENTREGA, TOTAL) VALUES (17,4,1,11,STR_TO_DATE('09/04/2019', '%d/%m/%Y'),STR_TO_DATE('13/04/2019', '%d/%m/%Y'),1810);
INSERT INTO LOCACAO (IDLOCACAO, IDCLIENTE, IDDESPACHANTE, IDVEICULO, DATALOCACAO, DATAENTREGA, TOTAL) VALUES (18,9,8,11,STR_TO_DATE('21/04/2019', '%d/%m/%Y'),STR_TO_DATE('23/04/2019', '%d/%m/%Y'),2017);
INSERT INTO LOCACAO (IDLOCACAO, IDCLIENTE, IDDESPACHANTE, IDVEICULO, DATALOCACAO, DATAENTREGA, TOTAL) VALUES (19,3,7,29,STR_TO_DATE('11/05/2019', '%d/%m/%Y'),STR_TO_DATE('15/05/2019', '%d/%m/%Y'),2095);
INSERT INTO LOCACAO (IDLOCACAO, IDCLIENTE, IDDESPACHANTE, IDVEICULO, DATALOCACAO, DATAENTREGA, TOTAL) VALUES (20,1,10,2,STR_TO_DATE('17/06/2019', '%d/%m/%Y'),STR_TO_DATE('17/06/2019', '%d/%m/%Y'),2020);
INSERT INTO LOCACAO (IDLOCACAO, IDCLIENTE, IDDESPACHANTE, IDVEICULO, DATALOCACAO, DATAENTREGA, TOTAL) VALUES (21,13,6,1,STR_TO_DATE('12/04/2019', '%d/%m/%Y'),STR_TO_DATE('15/04/2019', '%d/%m/%Y'),2077);
INSERT INTO LOCACAO (IDLOCACAO, IDCLIENTE, IDDESPACHANTE, IDVEICULO, DATALOCACAO, DATAENTREGA, TOTAL) VALUES (22,16,6,8,STR_TO_DATE('02/06/2019', '%d/%m/%Y'),STR_TO_DATE('03/06/2019', '%d/%m/%Y'),1867);
INSERT INTO LOCACAO (IDLOCACAO, IDCLIENTE, IDDESPACHANTE, IDVEICULO, DATALOCACAO, DATAENTREGA, TOTAL) VALUES (23,19,9,17,STR_TO_DATE('12/05/2019', '%d/%m/%Y'),STR_TO_DATE('17/05/2019', '%d/%m/%Y'),1862);
INSERT INTO LOCACAO (IDLOCACAO, IDCLIENTE, IDDESPACHANTE, IDVEICULO, DATALOCACAO, DATAENTREGA, TOTAL) VALUES (24,13,6,20,STR_TO_DATE('06/04/2019', '%d/%m/%Y'),STR_TO_DATE('07/04/2019', '%d/%m/%Y'),1855);
INSERT INTO LOCACAO (IDLOCACAO, IDCLIENTE, IDDESPACHANTE, IDVEICULO, DATALOCACAO, DATAENTREGA, TOTAL) VALUES (25,21,4,21,STR_TO_DATE('26/04/2019', '%d/%m/%Y'),STR_TO_DATE('28/04/2019', '%d/%m/%Y'),2033);
INSERT INTO LOCACAO (IDLOCACAO, IDCLIENTE, IDDESPACHANTE, IDVEICULO, DATALOCACAO, DATAENTREGA, TOTAL) VALUES (26,25,10,8,STR_TO_DATE('16/03/2019', '%d/%m/%Y'),STR_TO_DATE('21/03/2019', '%d/%m/%Y'),2034);
INSERT INTO LOCACAO (IDLOCACAO, IDCLIENTE, IDDESPACHANTE, IDVEICULO, DATALOCACAO, DATAENTREGA, TOTAL) VALUES (27,8,2,3,STR_TO_DATE('06/05/2019', '%d/%m/%Y'),STR_TO_DATE('09/05/2019', '%d/%m/%Y'),1865);
INSERT INTO LOCACAO (IDLOCACAO, IDCLIENTE, IDDESPACHANTE, IDVEICULO, DATALOCACAO, DATAENTREGA, TOTAL) VALUES (28,15,3,1,STR_TO_DATE('05/06/2019', '%d/%m/%Y'),STR_TO_DATE('07/06/2019', '%d/%m/%Y'),1997);
INSERT INTO LOCACAO (IDLOCACAO, IDCLIENTE, IDDESPACHANTE, IDVEICULO, DATALOCACAO, DATAENTREGA, TOTAL) VALUES (29,22,7,8,STR_TO_DATE('07/05/2019', '%d/%m/%Y'),STR_TO_DATE('12/05/2019', '%d/%m/%Y'),2032);
INSERT INTO LOCACAO (IDLOCACAO, IDCLIENTE, IDDESPACHANTE, IDVEICULO, DATALOCACAO, DATAENTREGA, TOTAL) VALUES (30,13,3,7,STR_TO_DATE('06/05/2019', '%d/%m/%Y'),STR_TO_DATE('06/05/2019', '%d/%m/%Y'),2011);
INSERT INTO LOCACAO (IDLOCACAO, IDCLIENTE, IDDESPACHANTE, IDVEICULO, DATALOCACAO, DATAENTREGA, TOTAL) VALUES (31,14,1,21,STR_TO_DATE('26/03/2019', '%d/%m/%Y'),STR_TO_DATE('28/03/2019', '%d/%m/%Y'),1867);
INSERT INTO LOCACAO (IDLOCACAO, IDCLIENTE, IDDESPACHANTE, IDVEICULO, DATALOCACAO, DATAENTREGA, TOTAL) VALUES (32,19,9,13,STR_TO_DATE('14/03/2019', '%d/%m/%Y'),STR_TO_DATE('18/03/2019', '%d/%m/%Y'),1963);
INSERT INTO LOCACAO (IDLOCACAO, IDCLIENTE, IDDESPACHANTE, IDVEICULO, DATALOCACAO, DATAENTREGA, TOTAL) VALUES (33,6,1,20,STR_TO_DATE('15/04/2019', '%d/%m/%Y'),STR_TO_DATE('16/04/2019', '%d/%m/%Y'),1845);
INSERT INTO LOCACAO (IDLOCACAO, IDCLIENTE, IDDESPACHANTE, IDVEICULO, DATALOCACAO, DATAENTREGA, TOTAL) VALUES (34,13,2,26,STR_TO_DATE('28/06/2019', '%d/%m/%Y'),STR_TO_DATE('02/07/2019', '%d/%m/%Y'),2020);
INSERT INTO LOCACAO (IDLOCACAO, IDCLIENTE, IDDESPACHANTE, IDVEICULO, DATALOCACAO, DATAENTREGA, TOTAL) VALUES (35,15,4,2,STR_TO_DATE('22/06/2019', '%d/%m/%Y'),STR_TO_DATE('25/06/2019', '%d/%m/%Y'),1938);
INSERT INTO LOCACAO (IDLOCACAO, IDCLIENTE, IDDESPACHANTE, IDVEICULO, DATALOCACAO, DATAENTREGA, TOTAL) VALUES (36,5,1,18,STR_TO_DATE('01/06/2019', '%d/%m/%Y'),STR_TO_DATE('06/06/2019', '%d/%m/%Y'),1980);
INSERT INTO LOCACAO (IDLOCACAO, IDCLIENTE, IDDESPACHANTE, IDVEICULO, DATALOCACAO, DATAENTREGA, TOTAL) VALUES (37,11,4,20,STR_TO_DATE('21/03/2019', '%d/%m/%Y'),STR_TO_DATE('23/03/2019', '%d/%m/%Y'),2037);
INSERT INTO LOCACAO (IDLOCACAO, IDCLIENTE, IDDESPACHANTE, IDVEICULO, DATALOCACAO, DATAENTREGA, TOTAL) VALUES (38,24,6,23,STR_TO_DATE('31/05/2019', '%d/%m/%Y'),STR_TO_DATE('01/06/2019', '%d/%m/%Y'),1970);
INSERT INTO LOCACAO (IDLOCACAO, IDCLIENTE, IDDESPACHANTE, IDVEICULO, DATALOCACAO, DATAENTREGA, TOTAL) VALUES (39,7,10,18,STR_TO_DATE('02/05/2019', '%d/%m/%Y'),STR_TO_DATE('03/05/2019', '%d/%m/%Y'),1900);
INSERT INTO LOCACAO (IDLOCACAO, IDCLIENTE, IDDESPACHANTE, IDVEICULO, DATALOCACAO, DATAENTREGA, TOTAL) VALUES (40,21,1,9,STR_TO_DATE('15/06/2019', '%d/%m/%Y'),STR_TO_DATE('19/06/2019', '%d/%m/%Y'),1888);
INSERT INTO LOCACAO (IDLOCACAO, IDCLIENTE, IDDESPACHANTE, IDVEICULO, DATALOCACAO, DATAENTREGA, TOTAL) VALUES (41,17,10,4,STR_TO_DATE('20/02/2019', '%d/%m/%Y'),STR_TO_DATE('25/02/2019', '%d/%m/%Y'),2042);
INSERT INTO LOCACAO (IDLOCACAO, IDCLIENTE, IDDESPACHANTE, IDVEICULO, DATALOCACAO, DATAENTREGA, TOTAL) VALUES (42,9,1,5,STR_TO_DATE('04/03/2019', '%d/%m/%Y'),STR_TO_DATE('04/03/2019', '%d/%m/%Y'),1821);
INSERT INTO LOCACAO (IDLOCACAO, IDCLIENTE, IDDESPACHANTE, IDVEICULO, DATALOCACAO, DATAENTREGA, TOTAL) VALUES (43,4,3,10,STR_TO_DATE('21/05/2019', '%d/%m/%Y'),STR_TO_DATE('24/05/2019', '%d/%m/%Y'),2009);
INSERT INTO LOCACAO (IDLOCACAO, IDCLIENTE, IDDESPACHANTE, IDVEICULO, DATALOCACAO, DATAENTREGA, TOTAL) VALUES (44,20,1,14,STR_TO_DATE('02/04/2019', '%d/%m/%Y'),STR_TO_DATE('02/04/2019', '%d/%m/%Y'),1837);
INSERT INTO LOCACAO (IDLOCACAO, IDCLIENTE, IDDESPACHANTE, IDVEICULO, DATALOCACAO, DATAENTREGA, TOTAL) VALUES (45,13,9,21,STR_TO_DATE('08/06/2019', '%d/%m/%Y'),STR_TO_DATE('10/06/2019', '%d/%m/%Y'),1971);
INSERT INTO LOCACAO (IDLOCACAO, IDCLIENTE, IDDESPACHANTE, IDVEICULO, DATALOCACAO, DATAENTREGA, TOTAL) VALUES (46,6,3,21,STR_TO_DATE('28/05/2019', '%d/%m/%Y'),STR_TO_DATE('30/05/2019', '%d/%m/%Y'),1818);
INSERT INTO LOCACAO (IDLOCACAO, IDCLIENTE, IDDESPACHANTE, IDVEICULO, DATALOCACAO, DATAENTREGA, TOTAL) VALUES (47,15,5,6,STR_TO_DATE('22/02/2019', '%d/%m/%Y'),STR_TO_DATE('22/02/2019', '%d/%m/%Y'),2031);
INSERT INTO LOCACAO (IDLOCACAO, IDCLIENTE, IDDESPACHANTE, IDVEICULO, DATALOCACAO, DATAENTREGA, TOTAL) VALUES (48,9,7,8,STR_TO_DATE('04/06/2019', '%d/%m/%Y'),STR_TO_DATE('09/06/2019', '%d/%m/%Y'),1938);
INSERT INTO LOCACAO (IDLOCACAO, IDCLIENTE, IDDESPACHANTE, IDVEICULO, DATALOCACAO, DATAENTREGA, TOTAL) VALUES (49,1,2,22,STR_TO_DATE('08/03/2019', '%d/%m/%Y'),STR_TO_DATE('10/03/2019', '%d/%m/%Y'),1975);
INSERT INTO LOCACAO (IDLOCACAO, IDCLIENTE, IDDESPACHANTE, IDVEICULO, DATALOCACAO, DATAENTREGA, TOTAL) VALUES (50,23,10,1,STR_TO_DATE('27/02/2019', '%d/%m/%Y'),STR_TO_DATE('04/03/2019', '%d/%m/%Y'),2014);
INSERT INTO LOCACAO (IDLOCACAO, IDCLIENTE, IDDESPACHANTE, IDVEICULO, DATALOCACAO, DATAENTREGA, TOTAL) VALUES (51,17,10,15,STR_TO_DATE('15/03/2019', '%d/%m/%Y'),STR_TO_DATE('19/03/2019', '%d/%m/%Y'),1958);
INSERT INTO LOCACAO (IDLOCACAO, IDCLIENTE, IDDESPACHANTE, IDVEICULO, DATALOCACAO, DATAENTREGA, TOTAL) VALUES (52,21,10,1,STR_TO_DATE('11/05/2019', '%d/%m/%Y'),STR_TO_DATE('11/05/2019', '%d/%m/%Y'),2024);
INSERT INTO LOCACAO (IDLOCACAO, IDCLIENTE, IDDESPACHANTE, IDVEICULO, DATALOCACAO, DATAENTREGA, TOTAL) VALUES (53,12,1,20,STR_TO_DATE('20/04/2019', '%d/%m/%Y'),STR_TO_DATE('20/04/2019', '%d/%m/%Y'),1946);
INSERT INTO LOCACAO (IDLOCACAO, IDCLIENTE, IDDESPACHANTE, IDVEICULO, DATALOCACAO, DATAENTREGA, TOTAL) VALUES (54,23,6,22,STR_TO_DATE('07/05/2019', '%d/%m/%Y'),STR_TO_DATE('09/05/2019', '%d/%m/%Y'),1855);
INSERT INTO LOCACAO (IDLOCACAO, IDCLIENTE, IDDESPACHANTE, IDVEICULO, DATALOCACAO, DATAENTREGA, TOTAL) VALUES (55,13,5,15,STR_TO_DATE('05/03/2019', '%d/%m/%Y'),STR_TO_DATE('09/03/2019', '%d/%m/%Y'),2039);
INSERT INTO LOCACAO (IDLOCACAO, IDCLIENTE, IDDESPACHANTE, IDVEICULO, DATALOCACAO, DATAENTREGA, TOTAL) VALUES (56,16,3,28,STR_TO_DATE('18/03/2019', '%d/%m/%Y'),STR_TO_DATE('21/03/2019', '%d/%m/%Y'),1991);
INSERT INTO LOCACAO (IDLOCACAO, IDCLIENTE, IDDESPACHANTE, IDVEICULO, DATALOCACAO, DATAENTREGA, TOTAL) VALUES (57,3,5,5,STR_TO_DATE('18/03/2019', '%d/%m/%Y'),STR_TO_DATE('18/03/2019', '%d/%m/%Y'),1914);
INSERT INTO LOCACAO (IDLOCACAO, IDCLIENTE, IDDESPACHANTE, IDVEICULO, DATALOCACAO, DATAENTREGA, TOTAL) VALUES (58,7,5,28,STR_TO_DATE('21/04/2019', '%d/%m/%Y'),STR_TO_DATE('22/04/2019', '%d/%m/%Y'),1890);
INSERT INTO LOCACAO (IDLOCACAO, IDCLIENTE, IDDESPACHANTE, IDVEICULO, DATALOCACAO, DATAENTREGA, TOTAL) VALUES (59,23,7,24,STR_TO_DATE('21/06/2019', '%d/%m/%Y'),STR_TO_DATE('24/06/2019', '%d/%m/%Y'),1840);
INSERT INTO LOCACAO (IDLOCACAO, IDCLIENTE, IDDESPACHANTE, IDVEICULO, DATALOCACAO, DATAENTREGA, TOTAL) VALUES (60,15,1,4,STR_TO_DATE('27/03/2019', '%d/%m/%Y'),STR_TO_DATE('28/03/2019', '%d/%m/%Y'),2004);
INSERT INTO LOCACAO (IDLOCACAO, IDCLIENTE, IDDESPACHANTE, IDVEICULO, DATALOCACAO, DATAENTREGA, TOTAL) VALUES (61,9,2,20,STR_TO_DATE('08/03/2019', '%d/%m/%Y'),STR_TO_DATE('08/03/2019', '%d/%m/%Y'),2075);
INSERT INTO LOCACAO (IDLOCACAO, IDCLIENTE, IDDESPACHANTE, IDVEICULO, DATALOCACAO, DATAENTREGA, TOTAL) VALUES (62,23,5,2,STR_TO_DATE('10/05/2019', '%d/%m/%Y'),STR_TO_DATE('11/05/2019', '%d/%m/%Y'),1838);
INSERT INTO LOCACAO (IDLOCACAO, IDCLIENTE, IDDESPACHANTE, IDVEICULO, DATALOCACAO, DATAENTREGA, TOTAL) VALUES (63,5,9,30,STR_TO_DATE('21/05/2019', '%d/%m/%Y'),STR_TO_DATE('22/05/2019', '%d/%m/%Y'),1974);
INSERT INTO LOCACAO (IDLOCACAO, IDCLIENTE, IDDESPACHANTE, IDVEICULO, DATALOCACAO, DATAENTREGA, TOTAL) VALUES (64,23,4,8,STR_TO_DATE('26/02/2019', '%d/%m/%Y'),STR_TO_DATE('02/03/2019', '%d/%m/%Y'),2064);
INSERT INTO LOCACAO (IDLOCACAO, IDCLIENTE, IDDESPACHANTE, IDVEICULO, DATALOCACAO, DATAENTREGA, TOTAL) VALUES (65,22,8,18,STR_TO_DATE('22/05/2019', '%d/%m/%Y'),STR_TO_DATE('22/05/2019', '%d/%m/%Y'),1836);
INSERT INTO LOCACAO (IDLOCACAO, IDCLIENTE, IDDESPACHANTE, IDVEICULO, DATALOCACAO, DATAENTREGA, TOTAL) VALUES (66,11,4,17,STR_TO_DATE('20/04/2019', '%d/%m/%Y'),STR_TO_DATE('20/04/2019', '%d/%m/%Y'),1800);
INSERT INTO LOCACAO (IDLOCACAO, IDCLIENTE, IDDESPACHANTE, IDVEICULO, DATALOCACAO, DATAENTREGA, TOTAL) VALUES (67,2,7,7,STR_TO_DATE('22/06/2019', '%d/%m/%Y'),STR_TO_DATE('25/06/2019', '%d/%m/%Y'),2070);
INSERT INTO LOCACAO (IDLOCACAO, IDCLIENTE, IDDESPACHANTE, IDVEICULO, DATALOCACAO, DATAENTREGA, TOTAL) VALUES (68,4,5,26,STR_TO_DATE('11/04/2019', '%d/%m/%Y'),STR_TO_DATE('14/04/2019', '%d/%m/%Y'),2001);
INSERT INTO LOCACAO (IDLOCACAO, IDCLIENTE, IDDESPACHANTE, IDVEICULO, DATALOCACAO, DATAENTREGA, TOTAL) VALUES (69,11,6,20,STR_TO_DATE('20/02/2019', '%d/%m/%Y'),STR_TO_DATE('21/02/2019', '%d/%m/%Y'),1858);
INSERT INTO LOCACAO (IDLOCACAO, IDCLIENTE, IDDESPACHANTE, IDVEICULO, DATALOCACAO, DATAENTREGA, TOTAL) VALUES (70,16,4,11,STR_TO_DATE('26/05/2019', '%d/%m/%Y'),STR_TO_DATE('26/05/2019', '%d/%m/%Y'),1983);
INSERT INTO LOCACAO (IDLOCACAO, IDCLIENTE, IDDESPACHANTE, IDVEICULO, DATALOCACAO, DATAENTREGA, TOTAL) VALUES (71,6,1,9,STR_TO_DATE('08/06/2019', '%d/%m/%Y'),STR_TO_DATE('08/06/2019', '%d/%m/%Y'),1853);
INSERT INTO LOCACAO (IDLOCACAO, IDCLIENTE, IDDESPACHANTE, IDVEICULO, DATALOCACAO, DATAENTREGA, TOTAL) VALUES (72,7,2,25,STR_TO_DATE('14/06/2019', '%d/%m/%Y'),STR_TO_DATE('14/06/2019', '%d/%m/%Y'),1813);
INSERT INTO LOCACAO (IDLOCACAO, IDCLIENTE, IDDESPACHANTE, IDVEICULO, DATALOCACAO, DATAENTREGA, TOTAL) VALUES (73,11,7,19,STR_TO_DATE('27/03/2019', '%d/%m/%Y'),STR_TO_DATE('31/03/2019', '%d/%m/%Y'),1950);
INSERT INTO LOCACAO (IDLOCACAO, IDCLIENTE, IDDESPACHANTE, IDVEICULO, DATALOCACAO, DATAENTREGA, TOTAL) VALUES (74,6,5,24,STR_TO_DATE('23/06/2019', '%d/%m/%Y'),STR_TO_DATE('23/06/2019', '%d/%m/%Y'),1831);
INSERT INTO LOCACAO (IDLOCACAO, IDCLIENTE, IDDESPACHANTE, IDVEICULO, DATALOCACAO, DATAENTREGA, TOTAL) VALUES (75,20,9,13,STR_TO_DATE('03/06/2019', '%d/%m/%Y'),STR_TO_DATE('07/06/2019', '%d/%m/%Y'),2049);
INSERT INTO LOCACAO (IDLOCACAO, IDCLIENTE, IDDESPACHANTE, IDVEICULO, DATALOCACAO, DATAENTREGA, TOTAL) VALUES (76,7,8,30,STR_TO_DATE('13/05/2019', '%d/%m/%Y'),STR_TO_DATE('17/05/2019', '%d/%m/%Y'),1843);
INSERT INTO LOCACAO (IDLOCACAO, IDCLIENTE, IDDESPACHANTE, IDVEICULO, DATALOCACAO, DATAENTREGA, TOTAL) VALUES (77,24,1,30,STR_TO_DATE('26/06/2019', '%d/%m/%Y'),STR_TO_DATE('30/06/2019', '%d/%m/%Y'),1881);
INSERT INTO LOCACAO (IDLOCACAO, IDCLIENTE, IDDESPACHANTE, IDVEICULO, DATALOCACAO, DATAENTREGA, TOTAL) VALUES (78,18,5,25,STR_TO_DATE('19/05/2019', '%d/%m/%Y'),STR_TO_DATE('24/05/2019', '%d/%m/%Y'),1810);
INSERT INTO LOCACAO (IDLOCACAO, IDCLIENTE, IDDESPACHANTE, IDVEICULO, DATALOCACAO, DATAENTREGA, TOTAL) VALUES (79,7,7,5,STR_TO_DATE('28/04/2019', '%d/%m/%Y'),STR_TO_DATE('02/05/2019', '%d/%m/%Y'),1899);
INSERT INTO LOCACAO (IDLOCACAO, IDCLIENTE, IDDESPACHANTE, IDVEICULO, DATALOCACAO, DATAENTREGA, TOTAL) VALUES (80,16,1,9,STR_TO_DATE('15/06/2019', '%d/%m/%Y'),STR_TO_DATE('17/06/2019', '%d/%m/%Y'),1812);
INSERT INTO LOCACAO (IDLOCACAO, IDCLIENTE, IDDESPACHANTE, IDVEICULO, DATALOCACAO, DATAENTREGA, TOTAL) VALUES (81,22,2,22,STR_TO_DATE('08/04/2019', '%d/%m/%Y'),STR_TO_DATE('13/04/2019', '%d/%m/%Y'),1921);
INSERT INTO LOCACAO (IDLOCACAO, IDCLIENTE, IDDESPACHANTE, IDVEICULO, DATALOCACAO, DATAENTREGA, TOTAL) VALUES (82,9,6,24,STR_TO_DATE('03/04/2019', '%d/%m/%Y'),STR_TO_DATE('03/04/2019', '%d/%m/%Y'),1945);
INSERT INTO LOCACAO (IDLOCACAO, IDCLIENTE, IDDESPACHANTE, IDVEICULO, DATALOCACAO, DATAENTREGA, TOTAL) VALUES (83,11,6,2,STR_TO_DATE('01/04/2019', '%d/%m/%Y'),STR_TO_DATE('05/04/2019', '%d/%m/%Y'),1990);
INSERT INTO LOCACAO (IDLOCACAO, IDCLIENTE, IDDESPACHANTE, IDVEICULO, DATALOCACAO, DATAENTREGA, TOTAL) VALUES (84,6,8,25,STR_TO_DATE('16/04/2019', '%d/%m/%Y'),STR_TO_DATE('18/04/2019', '%d/%m/%Y'),1956);
INSERT INTO LOCACAO (IDLOCACAO, IDCLIENTE, IDDESPACHANTE, IDVEICULO, DATALOCACAO, DATAENTREGA, TOTAL) VALUES (85,23,10,15,STR_TO_DATE('05/04/2019', '%d/%m/%Y'),STR_TO_DATE('05/04/2019', '%d/%m/%Y'),1927);
INSERT INTO LOCACAO (IDLOCACAO, IDCLIENTE, IDDESPACHANTE, IDVEICULO, DATALOCACAO, DATAENTREGA, TOTAL) VALUES (86,23,6,4,STR_TO_DATE('23/04/2019', '%d/%m/%Y'),STR_TO_DATE('27/04/2019', '%d/%m/%Y'),1801);
INSERT INTO LOCACAO (IDLOCACAO, IDCLIENTE, IDDESPACHANTE, IDVEICULO, DATALOCACAO, DATAENTREGA, TOTAL) VALUES (87,11,6,18,STR_TO_DATE('22/03/2019', '%d/%m/%Y'),STR_TO_DATE('22/03/2019', '%d/%m/%Y'),1802);
INSERT INTO LOCACAO (IDLOCACAO, IDCLIENTE, IDDESPACHANTE, IDVEICULO, DATALOCACAO, DATAENTREGA, TOTAL) VALUES (88,9,5,17,STR_TO_DATE('27/02/2019', '%d/%m/%Y'),STR_TO_DATE('27/02/2019', '%d/%m/%Y'),1851);
INSERT INTO LOCACAO (IDLOCACAO, IDCLIENTE, IDDESPACHANTE, IDVEICULO, DATALOCACAO, DATAENTREGA, TOTAL) VALUES (89,16,4,24,STR_TO_DATE('22/06/2019', '%d/%m/%Y'),STR_TO_DATE('22/06/2019', '%d/%m/%Y'),2089);
INSERT INTO LOCACAO (IDLOCACAO, IDCLIENTE, IDDESPACHANTE, IDVEICULO, DATALOCACAO, DATAENTREGA, TOTAL) VALUES (90,7,5,25,STR_TO_DATE('27/03/2019', '%d/%m/%Y'),STR_TO_DATE('30/03/2019', '%d/%m/%Y'),1967);
INSERT INTO LOCACAO (IDLOCACAO, IDCLIENTE, IDDESPACHANTE, IDVEICULO, DATALOCACAO, DATAENTREGA, TOTAL) VALUES (91,21,1,9,STR_TO_DATE('07/05/2019', '%d/%m/%Y'),STR_TO_DATE('12/05/2019', '%d/%m/%Y'),1826);
INSERT INTO LOCACAO (IDLOCACAO, IDCLIENTE, IDDESPACHANTE, IDVEICULO, DATALOCACAO, DATAENTREGA, TOTAL) VALUES (92,24,9,30,STR_TO_DATE('13/05/2019', '%d/%m/%Y'),STR_TO_DATE('13/05/2019', '%d/%m/%Y'),1864);
INSERT INTO LOCACAO (IDLOCACAO, IDCLIENTE, IDDESPACHANTE, IDVEICULO, DATALOCACAO, DATAENTREGA, TOTAL) VALUES (93,13,5,12,STR_TO_DATE('10/03/2019', '%d/%m/%Y'),STR_TO_DATE('13/03/2019', '%d/%m/%Y'),2056);
INSERT INTO LOCACAO (IDLOCACAO, IDCLIENTE, IDDESPACHANTE, IDVEICULO, DATALOCACAO, DATAENTREGA, TOTAL) VALUES (94,18,6,4,STR_TO_DATE('22/05/2019', '%d/%m/%Y'),STR_TO_DATE('25/05/2019', '%d/%m/%Y'),1986);
INSERT INTO LOCACAO (IDLOCACAO, IDCLIENTE, IDDESPACHANTE, IDVEICULO, DATALOCACAO, DATAENTREGA, TOTAL) VALUES (95,22,2,28,STR_TO_DATE('21/02/2019', '%d/%m/%Y'),STR_TO_DATE('21/02/2019', '%d/%m/%Y'),1861);
INSERT INTO LOCACAO (IDLOCACAO, IDCLIENTE, IDDESPACHANTE, IDVEICULO, DATALOCACAO, DATAENTREGA, TOTAL) VALUES (96,5,10,17,STR_TO_DATE('22/06/2019', '%d/%m/%Y'),STR_TO_DATE('26/06/2019', '%d/%m/%Y'),1860);
INSERT INTO LOCACAO (IDLOCACAO, IDCLIENTE, IDDESPACHANTE, IDVEICULO, DATALOCACAO, DATAENTREGA, TOTAL) VALUES (97,16,9,1,STR_TO_DATE('27/02/2019', '%d/%m/%Y'),STR_TO_DATE('03/03/2019', '%d/%m/%Y'),2100);
INSERT INTO LOCACAO (IDLOCACAO, IDCLIENTE, IDDESPACHANTE, IDVEICULO, DATALOCACAO, DATAENTREGA, TOTAL) VALUES (98,8,3,2,STR_TO_DATE('29/05/2019', '%d/%m/%Y'),STR_TO_DATE('29/05/2019', '%d/%m/%Y'),2054);
INSERT INTO LOCACAO (IDLOCACAO, IDCLIENTE, IDDESPACHANTE, IDVEICULO, DATALOCACAO, DATAENTREGA, TOTAL) VALUES (99,1,3,30,STR_TO_DATE('30/03/2019', '%d/%m/%Y'),STR_TO_DATE('01/04/2019', '%d/%m/%Y'),1886);
INSERT INTO LOCACAO (IDLOCACAO, IDCLIENTE, IDDESPACHANTE, IDVEICULO, DATALOCACAO, DATAENTREGA, TOTAL) VALUES (100,15,8,20,STR_TO_DATE('12/06/2019', '%d/%m/%Y'),STR_TO_DATE('14/06/2019', '%d/%m/%Y'),1939);
